"Berlin, Albrechtshof Bhf","13.128483","52.549524",,"Treppe",,"not-barrier-free",,,,,,,,
"Berlin, Charlottenburg Bhf","13.302561","52.504173","Zugang ohne Stufen","Aufzug",,"barrier-free",,,,,,,,
"Berlin, Staaken Bhf","13.14157","52.537699","Zugang ohne Stufen","Aufzug",,"barrier-free",,,,,,,,
"S Adlershof (Berlin)","13.541316","52.434891",,"Treppe",,"not-barrier-free",,,,,,,,
"S Ahrensfelde Bhf (Berlin)","13.565734","52.571257","Zugang ohne Stufen","Rampe",,"barrier-free",,,,,,,,
"S Altglienicke (Berlin)","13.558432","52.407065",,"Treppe",,"not-barrier-free",,,,,,,,
"S Alt-Reinickendorf (Berlin)","13.350709","52.577885",,"Treppe",,"not-barrier-free",,,,,,,,
"S Anhalter Bahnhof (Berlin)","13.360917","52.503456","Zugang ohne Stufen","Aufzug",,"barrier-free",,,,,,,,
"S Attilastr. (Berlin)","13.360917","52.447745",,"Treppe",,"not-barrier-free",,,,,,,,
"S Baumschulenweg (Berlin)","13.490959","52.466745",,"Treppe",,"not-barrier-free",,,,,,,,
"S Bellevue (Berlin)","13.34815","52.519992","Zugang ohne Stufen","Aufzug",,"barrier-free",,,,,,,,
"S Berlin Hauptbahnhof","13.366676","52.52492","Zugang ohne Stufen","Aufzug",,"barrier-free",,,,,,,,
"S Betriebsbahnhof Rummelsburg (Berlin)","13.497867","52.493817","Zugang ohne Stufen","Aufzug",,"barrier-free",,,,,,,,
"S Betriebsbahnhof Schöneweide (Berlin)","13.524343","52.446514",,"Treppe",,"not-barrier-free",,,,,,,,
"S Beusselstr. (Berlin)","13.329446","52.534407","Zugang ohne Stufen","Aufzug",,"barrier-free",,,,,,,,
"S Biesdorf (Berlin)","13.556193","52.513031","teilweise Zugang ohne Stufen","Rampe","nur in Richtung Lichtenberg","partially-barrier-free",,,,,,,,
"S Blankenburg (Berlin)","13.442961","52.591059","Zugang ohne Stufen","Aufzug",,"barrier-free",,,,,,,,
"S Bornholmer Str. (Berlin)","13.397838","52.555023","Zugang ohne Stufen","Aufzug",,"barrier-free",,,,,,,,
"S Botanischer Garten (Berlin)","13.30705","52.447918","Zugang ohne Stufen","Aufzug",,"barrier-free",,,,,,,,
"S Buch (Berlin)","13.491424","52.635723","Zugang ohne Stufen","Rampe",,"barrier-free",,,,,,,,
"S Buckower Chaussee (Berlin)","13.382822","52.410293","Zugang ohne Stufen","Rampe",,"barrier-free",,,,,,,,
"S Charlottenburg (Berlin)","13.303617","52.504907","Zugang ohne Stufen","Aufzug",,"barrier-free",,,,,,,,
"S Eichborndamm (Berlin)","13.316609","52.577632",,"Treppe",,"not-barrier-free",,,,,,,,
"S Feuerbachstr. (Berlin)","13.332404","52.463569","Zugang ohne Stufen","Aufzug",,"barrier-free",,,,,,,,
"S Friedenau (Berlin)","13.34175","52.470922","Zugang ohne Stufen","Aufzug",,"barrier-free",,,,,,,,
"S Friedrichsfelde Ost (Berlin)","13.520066","52.514089","Zugang ohne Stufen","Aufzug",,"barrier-free",,,,,,,,
"S Friedrichshagen (Berlin)","13.623925","52.457379","Zugang ohne Stufen","Aufzug",,"barrier-free",,,,,,,,
"S Frohnau (Berlin)","13.290261","52.632401","Zugang ohne Stufen","Aufzug",,"barrier-free",,,,,,,,
"S Gehrenseestr. (Berlin)","13.524851","52.556349",,"Treppe",,"not-barrier-free",,,,,,,,
"S Greifswalder Str. (Berlin)","13.439204","52.54015","Zugang ohne Stufen","Aufzug",,"barrier-free",,,,,,,,
"S Grünau (Berlin)","13.574266","52.412871","Zugang ohne Stufen","Rampe",,"barrier-free",,,,,,,,
"S Grünbergallee (Berlin)","13.542461","52.399375","Zugang ohne Stufen","Rampe",,"barrier-free",,,,,,,,
"S Grunewald (Berlin)","13.260938","52.488305",,"Treppe",,"not-barrier-free",,,,,,,,
"S Hackescher Markt (Berlin)","13.402385","52.52267","Zugang ohne Stufen","Aufzug",,"barrier-free",,,,,,,,
"S Halensee (Berlin)","13.290563","52.496023","Zugang ohne Stufen","Aufzug",,"barrier-free",,,,,,,,
"S Heerstr. (Berlin)","13.259817","52.507863","Zugang ohne Stufen","Aufzug",,"barrier-free",,,,,,,,
"S Heiligensee (Berlin)","13.229336","52.624589","Zugang ohne Stufen","Aufzug",,"barrier-free",,,,,,,,
"S Hermsdorf (Berlin)","13.30726","52.617651","Zugang ohne Stufen","Aufzug",,"barrier-free",,,,,,,,
"S Hirschgarten (Berlin)","13.602125","52.457955",,"Treppe",,"not-barrier-free",,,,,,,,
"S Hohenschönhausen Bhf (Berlin)","13.513694","52.566548","Zugang ohne Stufen","Aufzug",,"barrier-free",,,,,,,,
"S Hohenzollerndamm (Berlin)","13.29964","52.489072","Zugang ohne Stufen","Aufzug",,"barrier-free",,,,,,,,
"S Humboldthain (Berlin)","13.379245","52.544602",,"Treppe",,"not-barrier-free",,,,,,,,
"S Julius-Leber-Brücke (Berlin)","13.360771","52.486262","Zugang ohne Stufen","Aufzug",,"barrier-free",,,,,,,,
"S Karlshorst Bhf (Berlin)","13.527359","52.480446","teilweise Zugang ohne Stufen","Aufzug","nur S-Bahn","partially-barrier-free",,,,,,,,
"S Karow Bhf (Berlin)","13.469985","52.615688",,"Treppe","Aufzug in Planung/Bau","not-barrier-free",,,,,,,,
"S Kaulsdorf (Berlin)","13.590176","52.512099",,"Treppe",,"not-barrier-free",,,,,,,,
"S Köllnische Heide (Berlin)","13.468163","52.469620","Zugang ohne Stufen","Aufzug",,"barrier-free",,,,,,,,
"S Köpenick (Berlin)","13.580115","52.458712","Zugang ohne Stufen","Aufzug",,"barrier-free",,,,,,,,
"S Landsberger Allee (Berlin)","13.45511","52.52918","Zugang ohne Stufen","Aufzug",,"barrier-free",,,,,,,,
"S Lankwitz (Berlin)","13.341641","52.438529","Zugang ohne Stufen","Rampe",,"barrier-free",,,,,,,,
"S Lichtenrade (Berlin)","13.396789","52.387152","Zugang ohne Stufen","Aufzug",,"barrier-free",,,,,,,,
"S Lichterfelde Süd (Berlin)","13.308552","52.409986","Zugang ohne Stufen","Aufzug",,"barrier-free",,,,,,,,
"S Lichterfelde West (Berlin)","13.293023","52.443099","Zugang ohne Stufen","Aufzug",,"barrier-free",,,,,,,,
"S Mahlsdorf (Berlin)","13.610496","52.512017","Zugang ohne Stufen","Aufzug",,"barrier-free",,,,,,,,
"S Marienfelde (Berlin)","13.375013","52.423806",,"Treppe",,"not-barrier-free",,,,,,,,
"S Marzahn (Berlin)","13.540844","52.54303","Zugang ohne Stufen","Aufzug",,"barrier-free",,,,,,,,
"S Mehrower Allee (Berlin)","13.553515","52.557561","Zugang ohne Stufen","Rampe",,"barrier-free",,,,,,,,
"S Messe Nord/ICC (Berlin)","13.282988","52.506898","Zugang ohne Stufen","Aufzug",,"barrier-free",,,,,,,,
"S Messe Süd (Berlin)","13.270343","52.498654","Zugang ohne Stufen","Aufzug",,"barrier-free",,,,,,,,
"S Mexikoplatz (Berlin)","13.232967","52.43687","Zugang ohne Stufen","Aufzug",,"barrier-free",,,,,,,,
"S Nikolassee (Berlin)","13.193237","52.432226",,"Treppe","Rampe nur zur S1","partially-barrier-free",,,,,,,,
"S Nöldnerplatz (Berlin)","13.485308","52.503816",,"Treppe",,"not-barrier-free",,,,,,,,
"S Nordbahnhof (Berlin)","13.388965","52.531743","Zugang ohne Stufen","Aufzug",,"barrier-free",,,,,,,,
"S Oberspree (Berlin)","13.538534","52.452476","Zugang ohne Stufen","Rampe",,"barrier-free",,,,,,,,
"S Olympiastadion (Berlin)","13.241589","52.511069","Zugang ohne Stufen","Aufzug",,"barrier-free",,,,,,,,
"S Oranienburger Str. (Berlin)","13.392572","52.524967","Zugang ohne Stufen","Aufzug",,"barrier-free",,,,,,,,
"S Osdorfer Str. (Berlin)","13.314009","52.418572","Zugang ohne Stufen","Aufzug",,"barrier-free",,,,,,,,
"S Ostbahnhof (Berlin)","13.435738","52.509992","Zugang ohne Stufen","Aufzug",,"barrier-free",,,,,,,,
"S Ostkreuz (Berlin)","13.469303","52.503022",,"Treppe",,"not-barrier-free",,,,,,,,
"S Pankow-Heinersdorf (Berlin)","13.429727","52.578211","Zugang ohne Stufen","Aufzug",,"barrier-free",,,,,,,,
"S Pichelsberg (Berlin)","13.226739","52.510547","Zugang ohne Stufen","Aufzug",,"barrier-free",,,,,,,,
"S Plänterwald (Berlin)","13.473333","52.478472","Zugang ohne Stufen","Aufzug",,"barrier-free",,,,,,,,
"S Poelchaustr. (Berlin)","13.535402","52.535609","Zugang ohne Stufen","Rampe",,"barrier-free",,,,,,,,
"S Prenzlauer Allee (Berlin)","13.426917","52.544493","Zugang ohne Stufen","Aufzug",,"barrier-free",,,,,,,,
"S Priesterweg (Berlin)","13.356275","52.460295","Zugang ohne Stufen","Aufzug",,"barrier-free",,,,,,,,
"S Rahnsdorf (Berlin)","13.689948","52.451633","Zugang ohne Stufen","Aufzug",,"barrier-free",,,,,,,,
"S Raoul-Wallenberg-Str. (Berlin)","13.547562","52.550709","Zugang ohne Stufen","Rampe",,"barrier-free",,,,,,,,
"S Rummelsburg (Berlin)","13.478778","52.501187","Zugang ohne Stufen","Aufzug",,"barrier-free",,,,,,,,
"S Savignyplatz (Berlin)","13.319003","52.505163","Zugang ohne Stufen","Aufzug",,"barrier-free",,,,,,,,
"S Schichauweg (Berlin)","13.389386","52.398554","Zugang ohne Stufen","Rampe",,"barrier-free",,,,,,,,
"S Schlachtensee (Berlin)","13.215669","52.440127","Zugang ohne Stufen","Aufzug",,"barrier-free",,,,,,,,
"S Schöneberg (Berlin)","13.351586","52.479268","Zugang ohne Stufen","Aufzug",,"barrier-free",,,,,,,,
"S Schöneweide Bhf (Berlin)","13.509338","52.455091","teilweise Zugang ohne Stufen","Aufzug","nur S-Bahn","partially-barrier-free",,,,,,,,
"S Schönholz (Berlin)","13.381672","52.57111",,"Treppe",,"not-barrier-free",,,,,,,,
"S Schulzendorf (Berlin)","13.246261","52.613374","Zugang ohne Stufen","Aufzug",,"barrier-free",,,,,,,,
"S Sonnenallee (Berlin)","13.455353","52.472827","Zugang ohne Stufen","Aufzug",,"barrier-free",,,,,,,,
"S Spandau Bhf (Berlin)","13.198304","52.53445","Zugang ohne Stufen","Aufzug",,"barrier-free",,,,,,,,
"S Spindlersfeld (Berlin)","13.561537","52.446955","Zugang ohne Stufen","Rampe",,"barrier-free",,,,,,,,
"S Springpfuhl (Berlin)","13.53686","52.52631","Zugang ohne Stufen","Aufzug",,"barrier-free",,,,,,,,
"S Storkower Str. (Berlin)","13.464337","52.523901","Zugang ohne Stufen","Aufzug",,"barrier-free",,,,,,,,
"S Stresow (Berlin)","13.209765","52.531849","Zugang ohne Stufen","Aufzug",,"barrier-free",,,,,,,,
"S Südende (Berlin)","13.353488","52.447939","Zugang ohne Stufen","Aufzug",,"barrier-free",,,,,,,,
"S Südkreuz Bhf (Berlin)","13.364881","52.476499","Zugang ohne Stufen","Aufzug",,"barrier-free",,,,,,,,
"S Sundgauer Str. (Berlin)","13.273492","52.436177","Zugang ohne Stufen","Aufzug",,"barrier-free",,,,,,,,
"S Tegel (Berlin)","13.289441","52.58857","Zugang ohne Stufen","Aufzug",,"barrier-free",,,,,,,,
"S Tiergarten (Berlin)","13.336805","52.515024","Zugang ohne Stufen","Aufzug",,"barrier-free",,,,,,,,
"S Treptower Park (Berlin)","13.462444","52.494352","Zugang ohne Stufen","Aufzug",,"barrier-free",,,,,,,,
"S Unter den Linden (Berlin)","13.38321","52.561833",,"Treppe",,"not-barrier-free",,,,,,,,
"S Waidmannslust (Berlin)","13.321614","52.605915","Zugang ohne Stufen","Aufzug",,"barrier-free",,,,,,,,
"S Wannsee Bhf (Berlin)","13.178488","52.421078","teilweise Zugang ohne Stufen","Aufzug","nur S-Bahn","partially-barrier-free",,,,,,,,
"S Wartenberg (Berlin)","13.50313","52.573556","Zugang ohne Stufen","Rampe",,"barrier-free",,,,,,,,
"S Westend (Berlin)","13.28429","52.518186","Zugang ohne Stufen","Aufzug",,"barrier-free",,,,,,,,
"S Westkreuz (Berlin)","13.283027","52.501142","Zugang ohne Stufen","Aufzug",,"barrier-free",,,,,,,,
"S Wilhelmshagen (Berlin)","13.72228","52.438566",,"Treppe",,"not-barrier-free",,,,,,,,
"S Wilhelmsruh (Berlin)","13.363093","52.581258",,"Treppe",,"not-barrier-free",,,,,,,,
"S Wollankstr. (Berlin)","13.391511","52.565659","Zugang ohne Stufen","Aufzug",,"barrier-free",,,,,,,,
"S Wuhlheide (Berlin)","13.553346","52.469271",,"Treppe",,"not-barrier-free",,,,,,,,
"S Zehlendorf (Berlin)","13.257672","52.430817","Zugang ohne Stufen","Aufzug",,"barrier-free",,,,,,,,
"S+U Alexanderplatz Bhf (Berlin)","13.411114","52.521521","Zugang ohne Stufen","Aufzug",,"barrier-free",,,,,,,,
"S+U Bundesplatz (Berlin)","13.328556","52.477656","Zugang ohne Stufen","Aufzug",,"barrier-free",,,,,,,,
"S+U Frankfurter Allee (Berlin)","13.474523","52.515072","teilweise Zugang ohne Stufen","Aufzug","nur U-Bahn","partially-barrier-free",,,,,,,,
"S+U Friedrichstr. Bhf (Berlin)","13.387028","52.520235","Zugang ohne Stufen","Aufzug",,"barrier-free",,,,,,,,
"S+U Gesundbrunnen Bhf (Berlin)","13.388036","52.549027","Zugang ohne Stufen","Aufzug",,"barrier-free",,,,,,,,
"S+U Heidelberger Platz (Berlin)","13.311703","52.480046","Zugang ohne Stufen","Aufzug",,"barrier-free",,,,,,,,
"S+U Hermannstr. (Berlin)","13.431492","52.467682","Zugang ohne Stufen","Aufzug",,"barrier-free",,,,,,,,
"S+U Innsbrucker Platz (Berlin)","13.341864","52.478105","Zugang ohne Stufen","Aufzug",,"barrier-free",,,,,,,,
"S+U Jannowitzbrücke (Berlin)","13.419649","52.514146","teilweise Zugang ohne Stufen","Aufzug","nur S-Bahn","not-barrier-free",,,,,,,,
"S+U Jungfernheide Bhf (Berlin)","13.298743","52.53017","Zugang ohne Stufen","Aufzug",,"barrier-free",,,,,,,,
"S+U Karl-Bonhoeffer-Nervenklinik (Berlin)","13.328893","52.577984","Zugang ohne Stufen","Aufzug",,"barrier-free",,,,,,,,
"S+U Lichtenberg Bhf (Berlin)","13.497038","52.510338","teilweise Zugang ohne Stufen","Rampe","nur S-Bahn, Regional- und Fernbahn",,,,,,,,,"und Fernbahn"
"S+U Neukölln (Berlin)","13.443216","52.469458","Zugang ohne Stufen","Aufzug",,"barrier-free",,,,,,,,
"S+U Pankow (Berlin)","13.410861","52.566597","Zugang ohne Stufen","Aufzug",,"barrier-free",,,,,,,,
"S+U Potsdamer Platz Bhf (Berlin)","13.377086","52.509331","teilweise Zugang ohne Stufen","Aufzug","nur S-Bahn, U-Bahn in Planung/Bau",,,,,,,,,
"S+U Rathaus Spandau (Berlin)","13.199678","52.534892","Zugang ohne Stufen","Aufzug",,"barrier-free",,,,,,,,
"S+U Rathaus Steglitz (Berlin)","13.320877","52.455883","Zugang ohne Stufen","Aufzug",,"barrier-free",,,,,,,,
"S+U Schönhauser Allee (Berlin)","13.415715","52.549215","Zugang ohne Stufen","Aufzug",,"barrier-free",,,,,,,,
"S+U Tempelhof (Berlin)","13.385192","52.470785","Zugang ohne Stufen","Aufzug",,"barrier-free",,,,,,,,
"S+U Warschauer Str. (Berlin)","13.449309","52.505647","teilweise Zugang ohne Stufen","Aufzug","nur U-Bahn","partially-barrier-free",,,,,,,,
"S+U Wedding (Berlin)","13.365839","52.542598","Zugang ohne Stufen","Aufzug",,"barrier-free",,,,,,,,
"S+U Westhafen (Berlin)","13.343323","52.536131","Zugang ohne Stufen","Aufzug",,"barrier-free",,,,,,,,
"S+U Wittenau (Berlin)","13.335885","52.596175","Zugang ohne Stufen","Aufzug",,"barrier-free",,,,,,,,
"S+U Wuhletal (Berlin)","13.575543","52.512588","Zugang ohne Stufen","Rampe",,"barrier-free",,,,,,,,
"S+U Yorckstr. S1 U7 (Berlin)","13.367644","52.492038",,"Treppe",,"not-barrier-free",,,,,,,,
"S+U Yorckstr. S2 S25 U7 (Berlin)","13.372175","52.492238",,"Treppe",,"not-barrier-free",,,,,,,,
"S+U Zoologischer Garten Bhf (Berlin)","13.332587","52.507364","Zugang ohne Stufen","Aufzug",,"barrier-free",,,,,,,,
"U Adenauerplatz (Berlin)","13.307169","52.499932",,"Rolltreppe",,"not-barrier-free",,,,,,,,
"U Afrikanische Str. (Berlin)","13.334847","52.560184",,"Treppe",,"not-barrier-free",,,,,,,,
"U Alt-Mariendorf (Berlin)","13.387509","52.439675","Zugang ohne Stufen","Aufzug",,"barrier-free",,,,,,,,
"U Altstadt Spandau (Berlin)","13.206241","52.538725",,"Rolltreppe",,"not-barrier-free",,,,,,,,
"U Alt-Tegel (Berlin)","13.284083","52.589237","Zugang ohne Stufen","Aufzug",,"barrier-free",,,,,,,,
"U Alt-Tempelhof (Berlin)","13.385602","52.465729",,"Rolltreppe",,"not-barrier-free",,,,,,,,
"U Amrumer Str. (Berlin)","13.350316","52.542499","Zugang ohne Stufen","Aufzug",,"barrier-free",,,,,,,,
"U Augsburger Str. (Berlin)","13.336415","52.500406",,"Treppe",,"not-barrier-free",,,,,,,,
"U Bayerischer Platz (Berlin)","13.340419","52.488683",,"Rolltreppe","nur U7","not-barrier-free",,,,,,,,
"U Berliner Str. (Berlin)","13.330996","52.487333","Zugang ohne Stufen","Aufzug",,"barrier-free",,,,,,,,
"U Bernauer Str. (Berlin)","13.396795","52.537294","Zugang ohne Stufen","Aufzug",,"barrier-free",,,,,,,,
"U Biesdorf-Süd (Berlin)","13.546565","52.499696","Zugang ohne Stufen","Rampe",,"barrier-free",,,,,,,,
"U Birkenstr. (Berlin)","13.341328","52.532326",,"Treppe",,"not-barrier-free",,,,,,,,
"U Bismarckstr. (Berlin)","13.305277","52.511504","Zugang ohne Stufen","Aufzug",,"barrier-free",,,,,,,,
"U Blaschkoallee (Berlin)","13.449953","52.45256",,"Rolltreppe",,"not-barrier-free",,,,,,,,
"U Blissestr. (Berlin)","13.321614","52.486347",,"Rolltreppe",,"not-barrier-free",,,,,,,,
"U Boddinstr. (Berlin)","13.425352","52.480019",,"Treppe",,"not-barrier-free",,,,,,,,
"U Borsigwerke (Berlin)","13.29036","52.581932",,"Treppe",,"not-barrier-free",,,,,,,,
"U Breitenbachplatz (Berlin)","13.308627","52.466873",,"Treppe",,"not-barrier-free",,,,,,,,
"U Britz-Süd (Berlin)","13.447866","52.437734",,"Rolltreppe",,"not-barrier-free",,,,,,,,
"U Bülowstr. (Berlin)","13.363388","52.497573","Zugang ohne Stufen","Aufzug",,"barrier-free",,,,,,,,
"U Bundestag (Berlin)","13.37345","52.519907","Zugang ohne Stufen","Rampe",,"barrier-free",,,,,,,,
"U Cottbusser Platz (Berlin)","13.596434","52.533848","Zugang ohne Stufen","Aufzug",,"barrier-free",,,,,,,,
"U Dahlem-Dorf (Berlin)","13.289136","52.457072",,"Treppe",,"not-barrier-free",,,,,,,,
"U Deutsche Oper (Berlin)","13.310453","52.511818",,"Treppe",,"not-barrier-free",,,,,,,,
"U Eberswalder Str. (Berlin)","13.412187","52.541732",,"Rolltreppe",,"not-barrier-free",,,,,,,,
"U Eisenacher Str. (Berlin)","13.349824","52.489448",,"Rolltreppe",,"not-barrier-free",,,,,,,,
"U Elsterwerdaer Platz (Berlin)","13.560593","52.505044","Zugang ohne Stufen","Rampe",,"barrier-free",,,,,,,,
"U Ernst-Reuter-Platz (Berlin)","13.322511","52.511492",,"Treppe",,"not-barrier-free",,,,,,,,
"U Fehrbelliner Platz (Berlin)","13.31451","52.490191","Zugang ohne Stufen","Aufzug",,"barrier-free",,,,,,,,
"U Frankfurter Tor (Berlin)","13.453992","52.515834","Zugang ohne Stufen","Aufzug",,"barrier-free",,,,,,,,
"U Franz-Neumann-Platz (Berlin)","13.364038","52.564458",,"Rolltreppe",,"not-barrier-free",,,,,,,,
"U Französische Str. (Berlin)","13.389182","52.514734",,"Treppe",,"not-barrier-free",,,,,,,,
"U Friedrichsfelde (Berlin)","13.513079","52.505800",,"Treppe",,"not-barrier-free",,,,,,,,
"U Friedrich-Wilhelm-Platz (Berlin)","13.328668","52.47143",,"Rolltreppe",,"not-barrier-free",,,,,,,,
"U Gleisdreieck (Berlin)","13.374125","52.499488",,"Treppe",,"not-barrier-free",,,,,,,,
"U Gneisenaustr. (Berlin)","13.396379","52.49118",,"Treppe",,"not-barrier-free",,,,,,,,
"U Görlitzer Bahnhof (Berlin)","13.427831","52.499240",,"Treppe",,"not-barrier-free",,,,,,,,
"U Grenzallee (Berlin)","13.444756","52.462921",,"Treppe",,"not-barrier-free",,,,,,,,
"U Güntzelstr. (Berlin)","13.330885","52.491608",,"Rolltreppe",,"not-barrier-free",,,,,,,,
"U Halemweg (Berlin)","13.286569","52.536693",,"Rolltreppe",,"not-barrier-free",,,,,,,,
"U Hallesches Tor (Berlin)","13.390815","52.497725",,"Rolltreppe",,"not-barrier-free",,,,,,,,
"U Hansaplatz (Berlin)","13.342156","52.518101",,"Rolltreppe",,"not-barrier-free",,,,,,,,
"U Haselhorst (Berlin)","13.232172","52.538354",,"Rolltreppe",,"not-barrier-free",,,,,,,,
"U Hausvogteiplatz (Berlin)","13.395337","52.513351",,"Treppe",,"not-barrier-free",,,,,,,,
"U Heinrich-Heine-Str. (Berlin)","13.416002","52.510407",,"Treppe",,"not-barrier-free",,,,,,,,
"U Hellersdorf (Berlin)","13.606159","52.536524","Zugang ohne Stufen","Rampe",,"barrier-free",,,,,,,,
"U Hermannplatz (Berlin)","13.424283","52.486356","Zugang ohne Stufen","Aufzug",,"barrier-free",,,,,,,,
"U Hohenzollernplatz (Berlin)","13.324825","52.494038",,"Treppe",,"not-barrier-free",,,,,,,,
"U Holzhauser Str. (Berlin)","13.296011","52.575699",,"Rolltreppe",,"not-barrier-free",,,,,,,,
"U Hönow (Berlin)","13.633217","52.538405","Zugang ohne Stufen","Rampe",,"barrier-free",,,,,,,,
"U Jakob-Kaiser-Platz (Berlin)","13.293961","52.53643",,"Rolltreppe",,"not-barrier-free",,,,,,,,
"U Johannisthaler Chaussee (Berlin)","13.453479","52.429477","Zugang ohne Stufen","Aufzug",,"barrier-free",,,,,,,,
"U Kaiserdamm (Berlin)","13.281958","52.509961",,"Rolltreppe",,"not-barrier-free",,,,,,,,
"U Kaiserin-Augusta-Str. (Berlin)","13.384613","52.460047",,"Rolltreppe",,"not-barrier-free",,,,,,,,
"U Karl-Marx-Str. (Berlin)","13.439309","52.476371",,"Treppe",,"not-barrier-free",,,,,,,,
"U Kaulsdorf-Nord (Berlin)","13.588967","52.521027","Zugang ohne Stufen","Rampe",,"barrier-free",,,,,,,,
"U Kleistpark (Berlin)","13.360251","52.490449","Zugang ohne Stufen","Aufzug",,"barrier-free",,,,,,,,
"U Klosterstr. (Berlin)","13.412427","52.517208",,"Treppe",,"not-barrier-free",,,,,,,,
"U Kochstr./Checkpoint Charlie (Berlin)","13.390524","52.506565","Zugang ohne Stufen","Aufzug",,"barrier-free",,,,,,,,
"U Konstanzer Str. (Berlin)","13.308961","52.494669",,"Rolltreppe",,"not-barrier-free",,,,,,,,
"U Kottbusser Tor (Berlin)","13.418274","52.498989","Zugang ohne Stufen","Aufzug",,"barrier-free",,,,,,,,
"U Krumme Lanke (Berlin)","13.241519","52.44351","Zugang ohne Stufen","Aufzug",,"barrier-free",,,,,,,,
"U Kurfürstendamm (Berlin)","13.331383","52.503598",,"Rolltreppe",,"not-barrier-free",,,,,,,,
"U Kurfürstenstr. (Berlin)","13.362071","52.499942",,"Treppe",,"not-barrier-free",,,,,,,,
"U Kurt-Schumacher-Platz (Berlin)","13.326915","52.563251",,"Rolltreppe",,"not-barrier-free",,,,,,,,
"U Leinestr. (Berlin)","13.427895","52.47387",,"Treppe",,"not-barrier-free",,,,,,,,
"U Leopoldplatz (Berlin)","13.359185","52.546426",,"Rolltreppe",,"not-barrier-free",,,,,,,,
"U Lindauer Allee (Berlin)","13.33948","52.575311","Zugang ohne Stufen","Aufzug",,"barrier-free",,,,,,,,
"U Lipschitzallee (Berlin)","13.462908","52.424589","Zugang ohne Stufen","Aufzug",,"barrier-free",,,,,,,,
"U Louis-Lewin-Str. (Berlin)","13.618396","52.538954","Zugang ohne Stufen","Rampe",,"barrier-free",,,,,,,,
"U Magdalenenstr. (Berlin)","13.487359","52.512441",,"Treppe",,"not-barrier-free",,,,,,,,
"U Märkisches Museum (Berlin)","13.409792","52.512213","Zugang ohne Stufen","Aufzug",,"barrier-free",,,,,,,,
"U Mehringdamm (Berlin)","13.389061","52.494694","Zugang ohne Stufen","Aufzug",,"barrier-free",,,,,,,,
"U Mendelssohn-Bartholdy-Park (Berlin)","13.374854","52.503794","Zugang ohne Stufen","Aufzug",,"barrier-free",,,,,,,,
"U Mierendorffplatz (Berlin)","13.304803","52.526148",,"Rolltreppe",,"not-barrier-free",,,,,,,,
"U Möckernbrücke (Berlin)","13.38273","52.499096",,"Rolltreppe","nur zwischen Bahnseite U1 und U7 zum Umsteigen","not-barrier-free",,,,,,,,
"U Mohrenstr. (Berlin)","13.383927","52.511619",,"Treppe",,"not-barrier-free",,,,,,,,
"U Moritzplatz (Berlin)","13.410733","52.503652",,"Treppe",,"not-barrier-free",,,,,,,,
"U Nauener Platz (Berlin)","13.36731","52.551515",,"Rolltreppe",,"not-barrier-free",,,,,,,,
"U Neue Grottkauer Str. (Berlin)","13.590545","52.528445","Zugang ohne Stufen","Rampe",,"barrier-free",,,,,,,,
"U Neu-Westend (Berlin)","13.259288","52.516236",,"Treppe",,"not-barrier-free",,,,,,,,
"U Nollendorfplatz (Berlin)","13.354293","52.499430","Zugang ohne Stufen","Aufzug",,"barrier-free",,,,,,,,
"U Olympia-Stadion (Berlin)","13.249678","52.517262","Zugang ohne Stufen","Aufzug",,"barrier-free",,,,,,,,
"U Onkel Toms Hütte (Berlin)","13.25297","52.449894",,"Rolltreppe",,"not-barrier-free",,,,,,,,
"U Oranienburger Tor (Berlin)","13.387329","52.52542","Zugang ohne Stufen","Aufzug",,"barrier-free",,,,,,,,
"U Oskar-Helene-Heim (Berlin)","13.269988","52.450273",,"Rolltreppe",,"not-barrier-free",,,,,,,,
"U Osloer Str. (Berlin)","13.373763","52.556746","Zugang ohne Stufen","Aufzug",,"barrier-free",,,,,,,,
"U Otisstr. (Berlin)","13.302897","52.571066",,"Treppe",,"not-barrier-free",,,,,,,,
"U Pankstr. (Berlin)","13.381411","52.552302",,"Rolltreppe",,"not-barrier-free",,,,,,,,
"U Paracelsus-Bad (Berlin)","13.34851","52.574242","Zugang ohne Stufen","Aufzug",,"barrier-free",,,,,,,,
"U Paradestr. (Berlin)","13.385865","52.47824","Zugang ohne Stufen","Aufzug",,"barrier-free",,,,,,,,
"U Parchimer Allee (Berlin)","13.449546","52.444698",,"Rolltreppe",,"not-barrier-free",,,,,,,,
"U Paulsternstr. (Berlin)","13.247721","52.538185",,"Rolltreppe",,"not-barrier-free",,,,,,,,
"U Platz der Luftbrücke (Berlin)","13.385951","52.485136",,"Rolltreppe",,"not-barrier-free",,,,,,,,
"U Podbielskiallee (Berlin)","13.296536","52.464376",,"Treppe",,"not-barrier-free",,,,,,,,
"U Prinzenstr. (Berlin)","13.405828","52.498378","teilweise Zugang ohne Stufen","Aufzug","nur Richtung Warschauer Str.","partially-barrier-free",,,,,,,,
"U Rathaus Neukölln (Berlin)","13.434502","52.481446","Zugang ohne Stufen","Aufzug",,"barrier-free",,,,,,,,
"U Rathaus Reinickendorf (Berlin)","13.325374","52.5881","Zugang ohne Stufen","Aufzug",,"barrier-free",,,,,,,,
"U Rathaus Schöneberg (Berlin)","13.342015","52.483045",,"Treppe",,"not-barrier-free",,,,,,,,
"U Rehberge (Berlin)","13.340346","52.557136",,"Treppe",,"not-barrier-free",,,,,,,,
"U Reinickendorfer Str. (Berlin)","13.370332","52.539993","Zugang ohne Stufen","Aufzug",,"barrier-free",,,,,,,,
"U Residenzstr. (Berlin)","13.360335","52.571403",,"Rolltreppe",,"not-barrier-free",,,,,,,,
"U Richard-Wagner-Platz (Berlin)","13.306634","52.516634",,"Rolltreppe",,"not-barrier-free",,,,,,,,
"U Rohrdamm (Berlin)","13.262337","52.536995",,"Rolltreppe",,"not-barrier-free",,,,,,,,
"U Rosa-Luxemburg-Platz (Berlin)","13.410598","52.527379",,"Treppe",,"not-barrier-free",,,,,,,,
"U Rosenthaler Platz (Berlin)","13.4","52.530252","Zugang ohne Stufen","Aufzug",,"barrier-free",,,,,,,,
"U Rüdesheimer Platz (Berlin)","13.314418","52.473125",,"Treppe",,"not-barrier-free",,,,,,,,
"U Rudow (Berlin)","13.495717","52.416054","Zugang ohne Stufen","Aufzug",,"barrier-free",,,,,,,,
"U Ruhleben (Berlin)","13.241238","52.52565","Zugang ohne Stufen","Aufzug",,"barrier-free",,,,,,,,
"U Samariterstr. (Berlin)","13.453992","52.514844",,"Treppe",,"not-barrier-free",,,,,,,,
"U Scharnweberstr. (Berlin)","13.312701","52.566792",,"Rolltreppe",,"not-barrier-free",,,,,,,,
"U Schillingstr. (Berlin)","13.410598","52.520215",,"Treppe",,"not-barrier-free",,,,,,,,
"U Schlesisches Tor (Berlin)","13.441565","52.500911",,"Treppe",,"not-barrier-free",,,,,,,,
"U Schloßstr. (Berlin)","13.324367","52.460742",,"Rolltreppe",,"not-barrier-free",,,,,,,,
"U Schönleinstr. (Berlin)","13.421728","52.493597",,"Rolltreppe",,"not-barrier-free",,,,,,,,
"U Schwartzkopffstr. (Berlin)","13.376844","52.535549","Zugang ohne Stufen","Aufzug",,"barrier-free",,,,,,,,
"U Seestr. (Berlin)","13.352931","52.549881",,"Treppe",,"not-barrier-free",,,,,,,,
"U Senefelderplatz (Berlin)","13.4128","52.532715",,"Treppe",,"not-barrier-free",,,,,,,,
"U Siemensdamm (Berlin)","13.27305","52.536592",,"Rolltreppe",,"not-barrier-free",,,,,,,,
"U Sophie-Charlotte-Platz (Berlin)","13.296544","52.510924","Zugang ohne Stufen","Aufzug",,"barrier-free",,,,,,,,
"U Spichernstr. (Berlin)","13.331046","52.49657",,"Rolltreppe","nur Bahnsteig U9","not-barrier-free",,,,,,,,
"U Spittelmarkt (Berlin)","13.402348","52.511301","Zugang ohne Stufen","Aufzug",,"barrier-free",,,,,,,,
"U Stadtmitte (Berlin)","13.389725","52.51124","Zugang ohne Stufen","Aufzug",,"barrier-free",,,,,,,,
"U Strausberger Platz (Berlin)","13.431096","52.518146",,"Treppe",,"not-barrier-free",,,,,,,,
"U Südstern (Berlin)","13.406767","52.489429","Zugang ohne Stufen","Aufzug",,"barrier-free",,,,,,,,
"U Theodor-Heuss-Platz (Berlin)","13.272685","52.510026","teilweise Zugang ohne Stufen","Aufzug","nur Richtung Ruhleben","partially-barrier-free",,,,,,,,
"U Thielplatz (Berlin)","13.281599","52.450099",,"Treppe",,"not-barrier-free",,,,,,,,
"U Tierpark (Berlin)","13.523484","52.497851","Zugang ohne Stufen","Aufzug",,"barrier-free",,,,,,,,
"U Turmstr. (Berlin)","13.342256","52.526000",,"Rolltreppe",,"not-barrier-free",,,,,,,,
"U Uhlandstr. (Berlin)","13.326736","52.50282",,"Treppe",,"not-barrier-free",,,,,,,,
"U Ullsteinstr. (Berlin)","13.384484","52.453805",,"Rolltreppe",,"not-barrier-free",,,,,,,,
"U Viktoria-Luise-Platz (Berlin)","13.343556","52.496215",,"Treppe",,"not-barrier-free",,,,,,,,
"U Vinetastr. (Berlin)","13.413438","52.559306",,"Treppe",,"not-barrier-free",,,,,,,,
"U Voltastr. (Berlin)","13.392933","52.542216",,"Treppe",,"not-barrier-free",,,,,,,,
"U Walther-Schreiber-Platz (Berlin)","13.328225","52.466146","Zugang ohne Stufen","Aufzug",,"barrier-free",,,,,,,,
"U Weberwiese (Berlin)","13.4446","52.516809",,"Treppe",,"not-barrier-free",,,,,,,,
"U Weinmeisterstr. (Berlin)","13.404896","52.525508",,"Treppe",,"not-barrier-free",,,,,,,,
"U Westphalweg (Berlin)","13.385618","52.446389",,"Rolltreppe",,"not-barrier-free",,,,,,,,
"U Wilmersdorfer Str. (Berlin)","13.306686","52.506683","Zugang ohne Stufen","Aufzug",,"barrier-free",,,,,,,,
"U Wittenbergplatz (Berlin)","13.343031","52.501819","teilweise Zugang ohne Stufen","Aufzug","nicht zum Bahnsteig Richtung Warschauer Str.","partially-barrier-free",,,,,,,,
"U Wutzkyallee (Berlin)","13.47493","52.423301",,"Rolltreppe",,"not-barrier-free",,,,,,,,
"U Zinnowitzer Str. (Berlin)","13.38228","52.531208",,"Treppe",,"not-barrier-free",,,,,,,,
"U Zitadelle (Berlin)","13.217437","52.537826",,"Rolltreppe",,"not-barrier-free",,,,,,,,
"U Zwickauer Damm (Berlin)","13.483859","52.423229",,"Rolltreppe",,"not-barrier-free",,,,,,,,
